conversation,speaker,utterance,elmas_label,carla_label
Selinay,Selinay,en toen stonden er allemaal politie mochten we niet naar binnen [ ],STATEMENT,STATEMENT
Selinay,Selinay,nee maar ik [ ],CLARIFICATION,REPAIR
Selinay,Selinay,ohja wij dachten dat king charles erin zat [ ],ACKNOWLEDGEMENT,ANSWER
Selinay,Selinay,((laughs)),OTHER,OTHER
Selinay,Selinay,maar het was echt druk =,STATEMENT,CLARIFICATION
Selinay,Selinay,[ ] ik zei steeds tegen elmas vraag wat er is VRAAG wat er is,STATEMENT,STATEMENT
Selinay,Selinay,nee nee daarna we vroegen uiteindelijk was er een bom ofzo =,REPAIR,CLARIFICATION
Selinay,Selinay,((laughs)),OTHER,OTHER
Selinay,Selinay,ik was echt bang he,EMOTIVE,EMOTIVE
Selinay,Selinay,toen gingen we ook gelijk weg volgens mij,STATEMENT,ACKNOWLEDGEMENT
Selinay,Selinay,moesten we vroeg naar hotel omdat je buikpijn had,STATEMENT,EXPRESSIVE
Selinay,Selinay,oke maar wist je nog die ene keer ook in de winter dat we naar oberhausen (.),QUESTION,STATEMENT
Selinay,Selinay,kerstmarkt gingen,STATEMENT,STATEMENT
Selinay,Selinay,ohja tweede keer ja,REPAIR,ANSWER
Selinay,Selinay,maar toen uhm (1.0),OTHER,STATEMENT
Selinay,Selinay,wat gebeurde er ohja,OTHER,QUESTION
Selinay,Selinay, we hadden onze vaccinaties gewoon maar we hadden nog niet ons bewijs gekregen maar we hadden wel gewoon gevaccineerd,STATEMENT,ANSWER
Selinay,Selinay,maar wij hadden hem gewoon nog niet [ ],CLARIFICATION,CLARIFICATION
Selinay,Selinay,en toen uhh :,OTHER,OTHER
Selinay,Selinay,kregen we onze bandjes niet om naar binnen te gaan enzo,STATEMENT,STATEMENT
Selinay,Selinay,dus toen zeiden ze tegen ons ja jullie mogen alleen buiten want binnen kunnen jullie corona verspreiden enzo,STATEMENT,STATEMENT
Selinay,Selinay,en toen gingen we buiten en hadden we van die bandjes gevonden ((laughs)),STATEMENT,STATEMENT
Selinay,Selinay,ja ((laughs)),ACKNOWLEDGEMENT,ACKNOWLEDGEMENT
Selinay,Selinay,en toen hadden we die om ons pols heen gedaan,STATEMENT,STATEMENT
Selinay,Selinay,maar we hadden echt lang erover gedaan,STATEMENT,STATEMENT
Selinay,Selinay,ja ik heb tape in mijn achterbak en dan kunnen we die gebruiken [ ],STATEMENT,ACKNOWLEDGEMENT
Selinay,Selinay,maar toen hadden we eindelijk iedereen een bandje en toen ging jij en elmas toch als eerst proberen [ ],STATEMENT,STATEMENT
Selinay,Selinay,nee jij hoefde niet,CLARIFICATION,REPAIR
Selinay,Selinay,iemand vroeg zo van ja waarom hoeft zij geen bandje waarom hoeft zij geen bandje,STATEMENT,STATEMENT
Selinay,Selinay,zei ja toen zei van elmas van ja dit is een kind die hoeft nog geen bandje ze is nog geen veertien,STATEMENT,STATEMENT
Selinay,Selinay,oh oke ga dan maar door,STATEMENT,ACKNOWLEDGEMENT
Selinay,Selinay,dat was wel grappig,STATEMENT,EMOTIVE
Selinay,Selinay,en toen zagen we toch die vrouw die tegen ons ging (.),STATEMENT,STATEMENT
Selinay,Selinay,zij dacht sowieso waarom hebben zij bandjes ((laughs)),ACKNOWLEDGEMENT,STATEMENT
Selinay,Selinay,((laughs)) mogen zij nog naar binnen,STATEMENT,STATEMENT
Selinay,Selinay,oh maar dat was wel echt grappig ((laughs)),EMOTIVE,EMOTIVE
Selinay,Selinay,((laughs)) (2.0),OTHER,OTHER
Selinay,Selinay,[ ] oh maar,OTHER,OTHER
Selinay,Selinay,ja :,BACKCHANNEL,ACKNOWLEDGEMENT
Selinay,Selinay,[ ] ((laughs)),OTHER,OTHER
Selinay,Selinay,ja :,BACKCHANNEL,ACKNOWLEDGEMENT
Selinay,Selinay,ja maar we zaten toen beneden in het donker,STATEMENT,ACKNOWLEDGEMENT
Selinay,Selinay,we zaten toen ook in het donker omdat de lichten toen niet aan konden he [ ],STATEMENT,STATEMENT
Selinay,Selinay,ja ::,BACKCHANNEL,ANSWER
Selinay,Selinay,en toen moesten we onze telefoons opladen in een restaurant ((laughs)),STATEMENT,STATEMENT
Selinay,Selinay,[ ] ((laughs)),OTHER,OTHER
Selinay,Selinay,maar die man gaf nog zijn powerbank die eigenaar van het hotel,STATEMENT,STATEMENT
Selinay,Selinay,ohja van esin enzo,CLARIFICATION,ACKNOLEDGEMENT
Selinay,Selinay,dat was echt grappig ((laughs)),EMOTIVE,EMOTIVE
Gultanem,Gultanem,((laughs)) ja we dachten wat er gebeurt er allemaal ::,ACKNOWLEDGEMENT,ANSWER
Gultanem,Gultanem,[ ] NEE NEE NEE wa wa wacht,CLARIFICATION,REPAIR
Gultanem,Gultanem,eerste keer dat we daar zo langs liepen toen,STATEMENT,STATEMENT
Gultanem,Gultanem,waren toch van die uh (.),STATEMENT,STATEMENT
Gultanem,Gultanem,uh limousine en toen dachten we wie zit daar in enzo,STATEMENT,STATEMENT
Gultanem,Gultanem,wist je nog [ ],QUESTION,QUESTION
Gultanem,Gultanem,((laughs)),OTHER,OTHER
Gultanem,Gultanem,en toen die avond we gingen weer,STATEMENT,STATEMENT
Gultanem,Gultanem,uhm (1.0),OTHER,OTHER
Gultanem,Gultanem,en toen,OTHER,BACKCHANNEL
Gultanem,Gultanem,het was echt druk ja [ ],ACKNOWLEDGEMENT,ANSWER
Gultanem,Gultanem,[ ]ohja en toen,ACKNOWLEDGEMENT,ACKNOWLEDGEMENT
Gultanem,Gultanem,nee baba had gestuurd papa had gestuurd,REPAIR,CLARIFICATION
Gultanem,Gultanem,van dat er zo een bommelding ofzo was zo een bom,STATEMENT,STATEMENT
Gultanem,Gultanem,en toen ((laughs)),OTHER,BACKCHANNEL
Gultanem,Gultanem,waren toch mensen van het nieuws gekomen ((laughs)),STATEMENT,STATEMENT
Gultanem,Gultanem,((laughs)) en toen stonden we op het nieuws,STATEMENT,STATEMENT
Gultanem,Gultanem,((laughs)),OTHER,OTHER
Gultanem,Gultanem,ja ::,ACKNOWLEDGEMENT,ANSWER
Gultanem,Gultanem,OHJA en toen,OTHER,ACKNOWLEDGEMENT
Gultanem,Gultanem,toen gingen we volgens mij van die crepe eten,STATEMENT,STATEMENT
Gultanem,Gultanem,zo ik had zoveel van gegeten dat ik helemaal buikpijn had,STATEMENT,STATEMENT
Gultanem,Gultanem,ik kon niet meer ((laughs)),EXPRESSIVE,EMOTIVE
Gultanem,Gultanem,((laughs)),OTHER,OTHER
Gultanem,Gultanem,die tweede keer toch,REPAIR,CLARIFICATION
Gultanem,Gultanem,OHJA nee nee nee maar het was toch zo dat als je had gevaccineerd,REPAIR,REPAIR
Gultanem,Gultanem,dat je dan zo een code kreeg,STATEMENT,STATEMENT
Gultanem,Gultanem,maar je moest perse,STATEMENT,STATEMENT
Gultanem,Gultanem,veertien dagen ofzo wachten,STATEMENT,REPAIR
Gultanem,Gultanem,[ ] maar dat deden wij niet,STATEMENT,CLARIFICATION
Gultanem,Gultanem,jij zei toch voor de grap zullen we gewoon die bandjes op de grond verzamelen,QUESTION,STATEMENT
Gultanem,Gultanem,= ja,BACKCHANNEL,ANSWER
Gultanem,Gultanem,= ja maar ja ik hoefde toch niet,ACKNOWLEDGEMENT,ACKNOWLEDGEMENT
Gultanem,Gultanem,[ ] ja,BACKCHANNEL,ACKNOWLEDGEMENT
Gultanem,Gultanem,= ohja maar volgens mij dacht zij gewoon van boeien,ACKNOWLEDGEMENT,ACKNOWLEDGEMENT
Gultanem,Gultanem,[ ] ((laughs)),OTHER,OTHER
Gultanem,Gultanem,((laughs)),OTHER,OTHER
Gultanem,Gultanem,[ ] oh mijn god,OTHER,STATEMENT
Gultanem,Gultanem,maar wist je nog die tweede keer dat we naar londen gingen met dat hotel,QUESTION,REQUEST
Gultanem,Gultanem,[ ] ((laughs)),OTHER,OTHER
Gultanem,Gultanem,(inaudible),OTHER,OTHER
Gultanem,Gultanem,die je hoort steeds zo tring,STATEMENT,STATEMENT
Gultanem,Gultanem,wij dachten gewoon van (.),STATEMENT,STATEMENT
Gultanem,Gultanem,mensen belletje lellen dus elmas ging zo kijken toch,STATEMENT,STATEMENT
Gultanem,Gultanem,en toen moesten we blijkbaar allemaal naar beneden toe maar wij waren allemaal in onze pyjama enzo,STATEMENT,STATEMENT
Gultanem,Gultanem,(1.0) was echt eng,EMOTIVE,EXPRESSIVE
Gultanem,Gultanem,= ja maar het was ook zo warm binnen we gingen ook naar buiten toch,STATEMENT,ACKNOWLEDGEMENT
Gultanem,Gultanem,((laughs)),OTHER,OTHER
Gultanem,Gultanem,ja,BACKCHANNEL,ANSWER
Gultanem,Gultanem,of uh dat uh (1.0),OTHER,ACKNOWLEDGEMENT
Gultanem,Gultanem,hun kamer niet op slot ging,STATEMENT,STATEMENT
Gultanem,Gultanem,= ja :,BACKCHANNEL,ACKNOWLEDGEMENT
Gultanem,Gultanem,((laughs)),OTHER,OTHER
