elmas,carla
ACKNOWLEDGEMENT,ANSWER
CLARIFICATION,REPAIR
STATEMENT,STATEMENT
STATEMENT,STATEMENT
STATEMENT,STATEMENT
QUESTION,QUESTION
OTHER,OTHER
STATEMENT,STATEMENT
OTHER,OTHER
OTHER,BACKCHANNEL
ACKNOWLEDGEMENT,ANSWER
ACKNOWLEDGEMENT,ACKNOWLEDGEMENT
REPAIR,CLARIFICATION
STATEMENT,STATEMENT
OTHER,BACKCHANNEL
STATEMENT,STATEMENT
STATEMENT,STATEMENT
OTHER,OTHER
ACKNOWLEDGEMENT,ANSWER
OTHER,ACKNOWLEDGEMENT
STATEMENT,STATEMENT
STATEMENT,STATEMENT
EXPRESSIVE,EMOTIVE
OTHER,OTHER
REPAIR,CLARIFICATION
REPAIR,REPAIR
STATEMENT,STATEMENT
STATEMENT,STATEMENT
STATEMENT,REPAIR
STATEMENT,CLARIFICATION
QUESTION,STATEMENT
BACKCHANNEL,ANSWER
ACKNOWLEDGEMENT,ACKNOWLEDGEMENT
BACKCHANNEL,ACKNOWLEDGEMENT
ACKNOWLEDGEMENT,ACKNOWLEDGEMENT
OTHER,OTHER
OTHER,OTHER
OTHER,STATEMENT
QUESTION,REQUEST
OTHER,OTHER
OTHER,OTHER
STATEMENT,STATEMENT
STATEMENT,STATEMENT
STATEMENT,STATEMENT
STATEMENT,STATEMENT
EMOTIVE,EXPRESSIVE
STATEMENT,ACKNOWLEDGEMENT
OTHER,OTHER
BACKCHANNEL,ANSWER
OTHER,ACKNOWLEDGEMENT
STATEMENT,STATEMENT
BACKCHANNEL,ACKNOWLEDGEMENT
OTHER,OTHER
