elmas,carla
STATEMENT,STATEMENT
CLARIFICATION,REPAIR
ACKNOWLEDGEMENT,ANSWER
OTHER,OTHER
STATEMENT,CLARIFICATION
STATEMENT,STATEMENT
REPAIR,CLARIFICATION
OTHER,OTHER
EMOTIVE,EMOTIVE
STATEMENT,ACKNOWLEDGEMENT
STATEMENT,EXPRESSIVE
QUESTION,STATEMENT
STATEMENT,STATEMENT
REPAIR,ANSWER
OTHER,STATEMENT
OTHER,QUESTION
STATEMENT,ANSWER
CLARIFICATION,CLARIFICATION
OTHER,OTHER
STATEMENT,STATEMENT
STATEMENT,STATEMENT
STATEMENT,STATEMENT
ACKNOWLEDGEMENT,ACKNOWLEDGEMENT
STATEMENT,STATEMENT
STATEMENT,STATEMENT
STATEMENT,ACKNOWLEDGEMENT
STATEMENT,STATEMENT
CLARIFICATION,REPAIR
STATEMENT,STATEMENT
STATEMENT,STATEMENT
STATEMENT,ACKNOWLEDGEMENT
STATEMENT,EMOTIVE
STATEMENT,STATEMENT
ACKNOWLEDGEMENT,STATEMENT
STATEMENT,STATEMENT
EMOTIVE,EMOTIVE
OTHER,OTHER
OTHER,OTHER
BACKCHANNEL,ACKNOWLEDGEMENT
OTHER,OTHER
BACKCHANNEL,ACKNOWLEDGEMENT
STATEMENT,ACKNOWLEDGEMENT
STATEMENT,STATEMENT
BACKCHANNEL,ANSWER
STATEMENT,STATEMENT
OTHER,OTHER
STATEMENT,STATEMENT
CLARIFICATION,ACKNOLEDGEMENT
EMOTIVE,EMOTIVE
